geoid;gini
36005000200;0,4338
36005000400;0,4097
36005001600;0,439
36005001900;0,4542
36005002000;0,5319
36005002300;0,4538
36005002500;0,5144
36005002701;0,4649
36005002702;0,552
36005002800;0,3268
36005003100;0,4092
36005003300;0,546
36005003500;0,4631
36005003700;0,4215
36005003800;0,5519
36005003900;0,5068
36005004001;0,4074
36005004100;0,5477
36005004200;0,4081
36005004300;0,5272
36005004400;0,4666
36005004600;0,4619
36005004800;0,4268
36005005001;0,5371
36005005002;0,4993
36005005100;0,4485
36005005200;0,6354
36005005300;0,4976
36005005400;0,4436
36005005600;0,5197
36005005902;0,534
36005006000;0,4806
36005006100;0,3891
36005006200;0,4586
36005006300;0,5434
36005006400;0,4845
36005006500;0,5075
36005006700;0,7288
36005006800;0,398
36005006900;0,5291
36005007000;0,4501
36005007100;0,4551
36005007200;0,4524
36005007300;0,477
36005007400;0,4819
36005007500;0,4538
36005007600;0,45
36005007700;0,4601
36005007800;0,499
36005007900;0,4849
36005008300;0,5136
36005008400;0,3974
36005008500;0,5543
36005008600;0,585
36005008700;0,4824
36005008900;0,4691
36005009000;0,6155
36005009200;0,4724
36005009300;0,4583
36005009600;0,4463
36005009800;0,428
36005011000;0,4217
36005011502;0,5746
36005011700;0,5149
36005011800;0,3926
36005011900;0,4957
36005012101;0,4453
36005012102;0,4526
36005012300;0,619
36005012500;0,4946
36005012701;0,5476
36005012901;0,4817
36005013000;0,422
36005013100;0,4462
36005013200;0,3934
36005013300;0,5538
36005013500;0,5371
36005013800;0,4137
36005014100;0,6253
36005014300;0,4159
36005014400;0,5585
36005014500;0,5826
36005014701;0,4661
36005014702;0,4878
36005014900;0,4384
36005015100;0,4463
36005015200;0,4398
36005015300;0,6101
36005015500;0,491
36005015700;0,5252
36005015800;0,4499
36005015900;0,5361
36005016000;0,4116
36005016100;0,5382
36005016200;0,4779
36005016400;0,4281
36005016500;0,4768
36005016600;0,4092
36005016700;0,3932
36005016900;0,4938
36005017300;0,477
36005017500;0,5689
36005017701;0,5534
36005017702;0,4899
36005017901;0,4573
36005017902;0,4777
36005018101;0,5016
36005018102;0,4326
36005018301;0,5055
36005018302;0,5076
36005018400;0,4295
36005018500;0,5041
36005018900;0,4806
36005019300;0,531
36005019400;0,4515
36005019500;0,4547
36005019700;0,5177
36005019900;0,4621
36005020000;0,4253
36005020100;0,4617
36005020200;0,4877
36005020400;0,4351
36005020501;0,5049
36005020502;0,5844
36005020601;0,4643
36005020900;0,4421
36005021001;0,3934
36005021002;0,4027
36005021100;0,4248
36005021200;0,32
36005021301;0,5294
36005021302;0,3764
36005021501;0,4914
36005021502;0,484
36005021601;0,4521
36005021602;0,3829
36005021700;0,4543
36005021800;0,4313
36005021900;0,4748
36005022000;0,4341
36005022101;0,4758
36005022102;0,4506
36005022200;0,42
36005022300;0,4289
36005022401;0,5908
36005022403;0,4668
36005022404;0,4943
36005022500;0,5532
36005022701;0,4989
36005022702;0,4246
36005022703;0,4559
36005022800;0,3694
36005022901;0,4756
36005022902;0,432
36005023000;0,4591
36005023100;0,4773
36005023200;0,5025
36005023301;0,4685
36005023302;0,4498
36005023501;0,4471
36005023502;0,5097
36005023600;0,4949
36005023702;0,4885
36005023703;0,4457
36005023704;0,459
36005023800;0,4321
36005023900;0,4928
36005024000;0,4176
36005024100;0,4739
36005024300;0,4734
36005024400;0,4434
36005024501;0,4941
36005024502;0,4989
36005024600;0,4511
36005024700;0,3691
36005024800;0,4443
36005025000;0,4198
36005025100;0,4992
36005025200;0,4439
36005025300;0,4241
36005025400;0,467
36005025500;0,4397
36005025600;0,396
36005025700;0,5456
36005026100;0,3716
36005026300;0,4976
36005026400;0,4765
36005026500;0,462
36005026601;0,3847
36005026602;0,4234
36005026701;0,4405
36005026702;0,5047
36005026900;0,4323
36005027300;0,4507
36005027401;0,387
36005027402;0,4209
36005027600;0,279
36005027700;0,4334
36005027900;0,3711
36005028100;0,3862
36005028300;0,4994
36005028400;0,2194
36005028500;0,4884
36005028600;0,3625
36005028700;0,4086
36005028800;0,4279
36005028900;0,4131
36005029301;0,4975
36005029302;0,3954
36005029500;0,4331
36005029600;0,4601
36005029700;0,4291
36005030000;0,417
36005030100;0,5208
36005030200;0,3343
36005030701;0,4927
36005030900;0,4828
36005031000;0,3775
36005031200;0,4147
36005031400;0,4515
36005031600;0,4374
36005031800;0,398
36005032300;0,3933
36005032400;0,5395
36005032600;0,4208
36005032800;0,5428
36005033000;0,4389
36005033201;0,4119
36005033202;0,4658
36005033400;0,364
36005033500;0,5688
36005033600;0,4989
36005033700;0,4435
36005033800;0,457
36005034000;0,4229
36005034200;0,4047
36005034300;0,4104
36005034400;0,4146
36005034500;0,4587
36005034800;0,5023
36005035000;0,4112
36005035100;0,4263
36005035600;0,389
36005035800;0,3645
36005035900;0,5016
36005036000;0,4029
36005036100;0,5291
36005036300;0,5033
36005036400;0,4108
36005036501;0,4364
36005036502;0,5733
36005036700;0,5136
36005036800;0,4039
36005036901;0,4767
36005036902;0,4893
36005037000;0,5223
36005037100;0,5101
36005037200;0,3875
36005037300;0,4525
36005037400;0,4613
36005037504;0,4839
36005037600;0,4893
36005037800;0,4598
36005037900;0,462
36005038000;0,477
36005038100;0,4647
36005038200;0,4439
36005038301;0,4865
36005038302;0,5276
36005038500;0,5082
36005038600;0,4001
36005038700;0,4797
36005038800;0,4438
36005038900;0,4743
36005039000;0,4321
36005039100;0,4197
36005039200;0,4149
36005039300;0,5144
36005039400;0,4583
36005039500;0,501
36005039600;0,493
36005039700;0,462
36005039800;0,4031
36005039901;0,4298
36005039902;0,5864
36005040100;0,5052
36005040302;0,4312
36005040303;0,4358
36005040304;0,4639
36005040400;0,4549
36005040501;0,4346
36005040502;0,5312
36005040600;0,4454
36005040701;0,4804
36005040702;0,4205
36005040800;0,4811
36005040900;0,5299
36005041100;0,4343
36005041300;0,4717
36005041400;0,428
36005041500;0,3736
36005041800;0,4573
36005041900;0,4658
36005042000;0,4538
36005042100;0,4765
36005042200;0,4151
36005042300;0,496
36005042400;0,4108
36005042500;0,5285
36005042600;0,3951
36005042800;0,4046
36005042901;0,4211
36005042902;0,4865
36005043000;0,4298
36005043100;0,4879
36005043400;0,4657
36005043500;0,4112
36005043600;0,4789
36005044200;0,4665
36005044400;0,3614
36005044800;0,3663
36005044901;0,4946
36005044902;0,4485
36005045101;0,3889
36005045102;0,367
36005045600;0,4441
36005045800;0,3873
36005046000;0,5261
36005046201;0,4148
36005046202;0,4734
36005048400;0,3918
36005050400;0,7239
36005051600;0,3728
36047000100;0,5272
36047000200;0,4306
36047000301;0,5848
36047000501;0,5121
36047000502;0,504
36047000700;0,5373
36047000900;0,5097
36047001100;0,3744
36047001300;0,4159
36047001500;0,4979
36047002000;0,3802
36047002100;0,4173
36047002200;0,4984
36047002300;0,4941
36047002901;0,4918
36047003000;0,5016
36047003100;0,4073
36047003300;0,5014
36047003400;0,4562
36047003500;0,5316
36047003600;0,4748
36047003700;0,3891
36047003800;0,4613
36047003900;0,4638
36047004100;0,4684
36047004300;0,5229
36047004400;0,4657
36047004500;0,4332
36047004600;0,4566
36047004700;0,4594
36047004900;0,4861
36047005000;0,4749
36047005100;0,3853
36047005201;0,63
36047005202;0,4151
36047005300;0,4462
36047005400;0,557
36047005601;0,4447
36047005602;0,4999
36047005800;0,5036
36047005900;0,3847
36047006000;0,4236
36047006200;0,4893
36047006300;0,4236
36047006400;0,4952
36047006500;0,4691
36047006600;0,4809
36047006700;0,4651
36047006800;0,4386
36047006900;0,4786
36047007000;0,5152
36047007100;0,5815
36047007200;0,4
36047007400;0,5059
36047007500;0,5275
36047007600;0,5014
36047007700;0,4841
36047007800;0,4721
36047008000;0,4731
36047008200;0,5688
36047008400;0,4322
36047008500;0,6003
36047008800;0,3335
36047009000;0,4218
36047009200;0,4706
36047009400;0,4145
36047009600;0,4661
36047009800;0,4774
36047010000;0,4481
36047010100;0,4298
36047010200;0,4069
36047010400;0,447
36047010600;0,4157
36047010800;0,4247
36047011000;0,4634
36047011200;0,4665
36047011400;0,4127
36047011600;0,5018
36047011700;0,4348
36047011800;0,5699
36047011900;0,4636
36047012000;0,503
36047012100;0,4226
36047012200;0,4302
36047012600;0,4896
36047012700;0,6262
36047012801;0,4904
36047012901;0,4467
36047012902;0,4639
36047013000;0,4699
36047013100;0,542
36047013200;0,4639
36047013300;0,4396
36047013400;0,4361
36047013500;0,4792
36047013600;0,4294
36047013700;0,4623
36047013800;0,471
36047013900;0,4157
36047014000;0,4665
36047014100;0,507
36047014200;0,4561
36047014300;0,4063
36047014500;0,4258
36047014700;0,4383
36047014800;0,4895
36047014900;0,4246
36047015000;0,4579
36047015100;0,4764
36047015200;0,4433
36047015300;0,4307
36047015500;0,4977
36047015700;0,4098
36047015900;0,4777
36047016000;0,4005
36047016100;0,4842
36047016200;0,3948
36047016300;0,4716
36047016400;0,3441
36047016500;0,5331
36047016600;0,4943
36047016700;0,4272
36047016800;0,4688
36047016900;0,5184
36047017000;0,4192
36047017100;0,4626
36047017200;0,4336
36047017400;0,3888
36047017600;0,4079
36047017800;0,3884
36047017900;0,5364
36047018000;0,5035
36047018100;0,4146
36047018200;0,455
36047018300;0,3881
36047018400;0,5021
36047018501;0,5401
36047018600;0,4713
36047018700;0,6385
36047018800;0,4273
36047019000;0,4664
36047019100;0,4613
36047019200;0,5185
36047019300;0,4192
36047019400;0,4562
36047019500;0,4123
36047019600;0,4436
36047019700;0,5185
36047019800;0,4589
36047019900;0,4399
36047020000;0,4461
36047020100;0,47
36047020200;0,4065
36047020300;0,442
36047020400;0,4073
36047020500;0,4617
36047020600;0,4483
36047020700;0,4695
36047020800;0,4336
36047021000;0,4786
36047021100;0,4886
36047021200;0,4814
36047021300;0,4881
36047021400;0,4766
36047021500;0,4972
36047021600;0,4793
36047021700;0,4712
36047021800;0,6079
36047021900;0,5233
36047022000;0,4254
36047022100;0,5568
36047022200;0,4685
36047022400;0,4506
36047022600;0,3804
36047022700;0,4997
36047022800;0,4889
36047022900;0,4776
36047023000;0,4868
36047023100;0,4466
36047023200;0,4401
36047023300;0,542
36047023400;0,5078
36047023500;0,5651
36047023600;0,4658
36047023800;0,5154
36047024000;0,4997
36047024100;0,4565
36047024200;0,4667
36047024300;0,5001
36047024400;0,5159
36047024500;0,453
36047024600;0,4973
36047024700;0,4916
36047024800;0,4595
36047024900;0,4438
36047025000;0,5279
36047025100;0,5586
36047025200;0,4193
36047025300;0,4878
36047025400;0,5236
36047025500;0,4044
36047025600;0,4503
36047025700;0,5186
36047025800;0,4647
36047025901;0,5438
36047025902;0,4888
36047026000;0,4397
36047026100;0,4842
36047026200;0,4831
36047026300;0,5194
36047026400;0,4437
36047026500;0,5862
36047026600;0,4519
36047026700;0,5201
36047026800;0,4443
36047026900;0,5091
36047027000;0,4311
36047027100;0,5496
36047027200;0,4449
36047027300;0,5132
36047027400;0,5035
36047027500;0,4765
36047027600;0,5204
36047027700;0,4959
36047027800;0,4265
36047027900;0,4499
36047028000;0,4534
36047028100;0,5652
36047028200;0,4968
36047028300;0,4906
36047028400;0,4224
36047028501;0,3305
36047028502;0,492
36047028600;0,4607
36047028700;0,6389
36047028800;0,4748
36047028900;0,4426
36047029000;0,4409
36047029100;0,4929
36047029200;0,4912
36047029300;0,5273
36047029400;0,4127
36047029500;0,519
36047029600;0,5036
36047029700;0,5217
36047029800;0,4358
36047029900;0,5332
36047030000;0,5002
36047030100;0,5361
36047030200;0,4741
36047030300;0,5435
36047030400;0,4818
36047030500;0,4401
36047030600;0,4705
36047030700;0,5461
36047030800;0,4304
36047030900;0,5017
36047031100;0,4675
36047031300;0,5176
36047031400;0,46
36047031500;0,4962
36047031701;0,4859
36047031702;0,3929
36047031900;0,4792
36047032100;0,5206
36047032300;0,4252
36047032500;0,4363
36047032600;0,4738
36047032700;0,5042
36047032800;0,5548
36047032900;0,5368
36047033000;0,5498
36047033100;0,5058
36047033300;0,4062
36047033500;0,5083
36047033600;0,449
36047033700;0,4336
36047033900;0,4893
36047034000;0,4804
36047034100;0,5076
36047034200;0,5263
36047034300;0,5624
36047034500;0,4976
36047034700;0,4976
36047034800;0,4314
36047034900;0,4879
36047035000;0,442
36047035100;0,5088
36047035200;0,4
36047035300;0,4514
36047035400;0,5324
36047035500;0,4179
36047035601;0,4797
36047035602;0,509
36047035700;0,5819
36047035900;0,4742
36047036001;0,5956
36047036002;0,5327
36047036100;0,4424
36047036200;0,5257
36047036300;0,4886
36047036400;0,5419
36047036501;0,4508
36047036502;0,4155
36047036600;0,4927
36047036700;0,4419
36047036900;0,5031
36047037000;0,4812
36047037100;0,4798
36047037300;0,5237
36047037401;0,5148
36047037402;0,566
36047037500;0,4344
36047037700;0,5233
36047037900;0,4951
36047038100;0,5209
36047038200;0,5684
36047038300;0,5212
36047038500;0,4868
36047038600;0,4013
36047038700;0,5016
36047038800;0,4184
36047038900;0,4723
36047039000;0,4972
36047039100;0,4458
36047039200;0,4761
36047039300;0,5019
36047039400;0,5793
36047039500;0,4787
36047039600;0,5696
36047039700;0,5776
36047039800;0,5077
36047039900;0,47
36047040000;0,4244
36047040100;0,4465
36047040200;0,4785
36047040300;0,5042
36047040400;0,486
36047040500;0,4606
36047040600;0,5307
36047040800;0,4192
36047040900;0,4441
36047041000;0,4819
36047041100;0,6214
36047041200;0,5923
36047041300;0,5422
36047041401;0,4704
36047041402;0,6086
36047041500;0,4455
36047041600;0,5582
36047041700;0,4395
36047041800;0,5558
36047041900;0,4695
36047042000;0,5671
36047042100;0,4619
36047042200;0,5044
36047042300;0,4475
36047042400;0,4504
36047042500;0,423
36047042600;0,4797
36047042700;0,4752
36047042800;0,4783
36047042900;0,4532
36047043000;0,4256
36047043100;0,4638
36047043200;0,4571
36047043300;0,499
36047043400;0,503
36047043500;0,4631
36047043600;0,4477
36047043700;0,4601
36047043800;0,5471
36047043900;0,5141
36047044000;0,5123
36047044100;0,4423
36047044200;0,5661
36047044300;0,4381
36047044400;0,5915
36047044500;0,4377
36047044600;0,4648
36047044700;0,4699
36047044800;0,5619
36047044900;0,5224
36047045000;0,6081
36047045200;0,4726
36047045300;0,4864
36047045400;0,5181
36047045600;0,5806
36047045800;0,5903
36047046000;0,5089
36047046201;0,5085
36047046202;0,5615
36047046400;0,441
36047046800;0,4435
36047047000;0,5467
36047047200;0,4761
36047047400;0,5959
36047047600;0,5038
36047047700;0,4033
36047047800;0,5457
36047048000;0,5212
36047048100;0,4485
36047048200;0,4382
36047048400;0,4361
36047048500;0,358
36047048600;0,4346
36047048800;0,4352
36047048900;0,5329
36047049000;0,4814
36047049100;0,5
36047049200;0,5177
36047049300;0,593
36047049400;0,4864
36047049500;0,4739
36047049600;0,3787
36047049700;0,516
36047049800;0,4361
36047049900;0,4784
36047050000;0,4163
36047050100;0,4398
36047050202;0,4802
36047050300;0,4036
36047050400;0,4891
36047050500;0,5057
36047050600;0,4524
36047050700;0,4107
36047050801;0,4333
36047050803;0,4245
36047050804;0,4125
36047050900;0,4943
36047051001;0,4488
36047051002;0,4555
36047051100;0,5517
36047051200;0,4854
36047051300;0,4313
36047051400;0,4674
36047051500;0,3719
36047051601;0,3621
36047051602;0,4229
36047051700;0,4784
36047051800;0,5281
36047051900;0,4231
36047052000;0,5198
36047052300;0,5307
36047052500;0,5818
36047052600;0,4583
36047052700;0,4904
36047052800;0,5085
36047052900;0,4915
36047053000;0,504
36047053100;0,6212
36047053200;0,5342
36047053300;0,6361
36047053400;0,5459
36047053500;0,3801
36047053700;0,3929
36047053800;0,4842
36047053900;0,5322
36047054200;0,5048
36047054300;0,3618
36047054400;0,549
36047054500;0,6391
36047054600;0,53
36047054700;0,524
36047054800;0,5381
36047054900;0,5222
36047055000;0,4313
36047055100;0,4842
36047055200;0,473
36047055300;0,4625
36047055400;0,4455
36047055500;0,4709
36047055600;0,4249
36047055700;0,5744
36047055800;0,4985
36047056000;0,4237
36047056100;0,4589
36047056200;0,4903
36047056300;0,5144
36047056400;0,4261
36047056500;0,4217
36047056600;0,4323
36047056800;0,3937
36047056900;0,4821
36047057000;0,4217
36047057100;0,4618
36047057200;0,4683
36047057300;0,4489
36047057400;0,4369
36047057500;0,4447
36047057600;0,4132
36047057800;0,4682
36047057900;0,4893
36047058000;0,4664
36047058200;0,4046
36047058400;0,4618
36047058600;0,4617
36047058800;0,4934
36047058900;0,3407
36047059000;0,498
36047059100;0,3809
36047059200;0,4774
36047059300;0,422
36047059401;0,4814
36047059402;0,4514
36047059600;0,456
36047059800;0,4981
36047060000;0,4271
36047060600;0,4235
36047060800;0,4823
36047061002;0,5463
36047061003;0,4422
36047061004;0,5049
36047061200;0,4875
36047061600;0,4953
36047062000;0,4398
36047062200;0,5516
36047062600;0,3833
36047062800;0,4471
36047063200;0,3918
36047063600;0,3564
36047063800;0,3941
36047064000;0,3502
36047064200;0,5222
36047064400;0,438
36047064600;0,4002
36047064800;0,3789
36047065000;0,4681
36047065200;0,3742
36047065400;0,4869
36047065600;0,3545
36047065800;0,4171
36047066000;0,4625
36047066200;0,4075
36047067000;0,4352
36047067200;0,3866
36047067400;0,4107
36047067600;0,3391
36047067800;0,3195
36047068000;0,3582
36047068200;0,3918
36047068600;0,3749
36047068800;0,3796
36047069000;0,4221
36047069200;0,2795
36047069601;0,4118
36047069602;0,4214
36047069800;0,3804
36047070000;0,5093
36047070201;0,5424
36047070202;0,1332
36047070600;0,3996
36047072000;0,3716
36047072200;0,3628
36047072400;0,3916
36047072600;0,3093
36047072800;0,4247
36047073000;0,4445
36047073200;0,3716
36047073400;0,3793
36047073600;0,4789
36047073800;0,4556
36047074000;0,402
36047074200;0,4442
36047074400;0,522
36047074600;0,4138
36047074800;0,4786
36047075000;0,4889
36047075200;0,4932
36047075400;0,3979
36047075600;0,4811
36047075800;0,5481
36047076000;0,537
36047076200;0,5179
36047076400;0,4995
36047076600;0,4402
36047076800;0,5631
36047077000;0,4937
36047077200;0,488
36047077400;0,3185
36047077600;0,3851
36047078000;0,3756
36047078200;0,4139
36047078400;0,4438
36047078600;0,4196
36047078800;0,4365
36047079000;0,4741
36047079200;0,4569
36047079400;0,4947
36047079601;0,433
36047079602;0,4277
36047079801;0,4362
36047079802;0,4262
36047080000;0,4661
36047080200;0,5077
36047080400;0,6138
36047080600;0,4455
36047080800;0,5041
36047081000;0,5134
36047081400;0,4783
36047081600;0,43
36047081800;0,4225
36047082000;0,6452
36047082200;0,4397
36047082400;0,4955
36047082600;0,4589
36047082800;0,4355
36047083000;0,3933
36047083200;0,3809
36047083400;0,3693
36047083600;0,4322
36047083800;0,4328
36047084000;0,4045
36047084600;0,4212
36047084800;0,39
36047085000;0,4068
36047085400;0,4549
36047085600;0,3867
36047085800;0,3707
36047086000;0,4128
36047086200;0,4616
36047086400;0,4497
36047086600;0,4883
36047086800;0,4064
36047087000;0,5197
36047087200;0,4415
36047087401;0,5027
36047087600;0,5698
36047087800;0,4503
36047088000;0,398
36047088200;0,4717
36047088400;0,4636
36047088600;0,5194
36047088800;0,485
36047089000;0,445
36047089200;0,4967
36047089400;0,457
36047089600;0,476
36047089800;0,621
36047090000;0,5741
36047090200;0,5456
36047090600;0,5677
36047090800;0,5837
36047091000;0,7191
36047091200;0,4706
36047091600;0,4714
36047091800;0,5601
36047092000;0,6583
36047092200;0,4524
36047092400;0,482
36047092800;0,4372
36047093000;0,3852
36047093200;0,3233
36047093400;0,4469
36047093600;0,3717
36047093800;0,4341
36047094401;0,4658
36047094402;0,4574
36047094600;0,4551
36047095000;0,3843
36047095400;0,3842
36047095600;0,4534
36047095800;0,4207
36047096200;0,4105
36047096400;0,4046
36047096600;0,4645
36047096800;0,4779
36047097000;0,4174
36047097400;0,3869
36047098200;0,4934
36047098400;0,3705
36047098600;0,3364
36047098800;0,3803
36047099000;0,4788
36047099200;0,3504
36047099400;0,3454
36047099600;0,4394
36047099800;0,326
36047100400;0,4318
36047100600;0,4027
36047100800;0,4349
36047101000;0,4423
36047101200;0,3819
36047101400;0,3744
36047101600;0,3082
36047101800;0,4308
36047102000;0,3808
36047102200;0,4243
36047102400;0,3394
36047102600;0,3712
36047102800;0,3575
36047103400;0,5065
36047105801;0,4497
36047105804;0,4262
36047107000;0,4236
36047107800;0,3662
36047109800;0,4454
36047110400;0,4952
36047110600;0,5359
36047111000;0,6261
36047111600;0,5174
36047111800;0,5461
36047112000;0,5623
36047112200;0,4967
36047112400;0,4994
36047112600;0,512
36047112800;0,4993
36047113000;0,4954
36047113200;0,4281
36047113400;0,5338
36047114201;0,4571
36047114202;0,5101
36047114400;0,556
36047114600;0,4472
36047115000;0,4546
36047115200;0,5333
36047115600;0,57
36047115800;0,5472
36047116000;0,5221
36047116200;0,4649
36047116400;0,4554
36047116600;0,4665
36047116800;0,4629
36047117000;0,4326
36047117201;0,4523
36047117202;0,4118
36047117400;0,4352
36047117601;0,4601
36047117602;0,4414
36047117800;0,4923
36047118201;0,4873
36047118202;0,5382
36047118400;0,4446
36047118600;0,4589
36047118800;0,5122
36047119000;0,4565
36047119200;0,4823
36047119400;0,4806
36047119600;0,5073
36047119800;0,5666
36047120000;0,4342
36047120200;0,5159
36047120800;0,4839
36047121000;0,5625
36047121400;0,5488
36047122000;0,544
36047123700;0,4592
36047150200;0,432
36047152200;0,4895
36061000201;0,4612
36061000202;0,5752
36061000600;0,5285
36061000700;0,4502
36061000800;0,475
36061000900;0,4763
36061001001;0,4701
36061001002;0,4455
36061001200;0,5589
36061001300;0,4104
36061001401;0,4926
36061001402;0,5801
36061001501;0,568
36061001502;0,4238
36061001600;0,5506
36061001800;0,4978
36061002000;0,4581
36061002100;0,4602
36061002201;0,547
36061002202;0,5303
36061002400;0,4402
36061002500;0,4667
36061002601;0,5633
36061002602;0,499
36061002700;0,5994
36061002800;0,5545
36061002900;0,5338
36061003001;0,4917
36061003002;0,5293
36061003100;0,4819
36061003200;0,4875
36061003300;0,5766
36061003400;0,5485
36061003601;0,6534
36061003602;0,5187
36061003700;0,551
36061003800;0,5122
36061003900;0,5909
36061004000;0,4691
36061004100;0,5959
36061004200;0,5612
36061004300;0,5904
36061004400;0,4286
36061004500;0,5947
36061004700;0,5977
36061004800;0,611
36061004900;0,6049
36061005000;0,5449
36061005200;0,5363
36061005400;0,5055
36061005501;0,413
36061005502;0,5051
36061005600;0,6215
36061005700;0,5068
36061005800;0,5331
36061005900;0,6129
36061006000;0,4349
36061006100;0,5207
36061006200;0,4633
36061006300;0,569
36061006400;0,4525
36061006500;0,4938
36061006600;0,5124
36061006700;0,5311
36061006800;0,4913
36061006900;0,525
36061007000;0,4583
36061007100;0,4972
36061007200;0,4489
36061007300;0,4684
36061007400;0,5455
36061007500;0,5252
36061007600;0,5713
36061007700;0,5483
36061007800;0,4902
36061007900;0,605
36061008000;0,521
36061008100;0,589
36061008200;0,4689
36061008300;0,5777
36061008400;0,4993
36061008601;0,3954
36061008603;0,5718
36061008700;0,5224
36061008800;0,5016
36061008900;0,5415
36061009000;0,4735
36061009100;0,5656
36061009200;0,4918
36061009300;0,62
36061009400;0,3957
36061009500;0,541
36061009600;0,5831
36061009700;0,6184
36061009800;0,4929
36061009900;0,5537
36061010000;0,5136
36061010100;0,5053
36061010200;0,2663
36061010300;0,4051
36061010400;0,5479
36061010601;0,6455
36061010602;0,4679
36061010800;0,5297
36061010900;0,3414
36061011000;0,5546
36061011100;0,4947
36061011201;0,5676
36061011202;0,5296
36061011203;0,5646
36061011300;0,5676
36061011401;0,531
36061011402;0,5646
36061011500;0,5462
36061011600;0,5589
36061011700;0,4128
36061011800;0,5784
36061011900;0,523
36061012000;0,5389
36061012100;0,4705
36061012200;0,6123
36061012400;0,5393
36061012500;0,4996
36061012600;0,4862
36061012700;0,5274
36061012800;0,5865
36061012900;0,5003
36061013000;0,5919
36061013100;0,4842
36061013200;0,4721
36061013300;0,4972
36061013400;0,573
36061013500;0,5468
36061013600;0,5579
36061013700;0,5377
36061013800;0,432
36061013900;0,5313
36061014000;0,5768
36061014200;0,6038
36061014401;0,5777
36061014402;0,5532
36061014500;0,5924
36061014601;0,5025
36061014602;0,4755
36061014700;0,4716
36061014801;0,5503
36061014802;0,5876
36061014900;0,574
36061015001;0,5539
36061015002;0,5454
36061015100;0,6354
36061015200;0,5692
36061015300;0,5177
36061015400;0,4472
36061015500;0,5485
36061015601;0,4985
36061015602;0,6228
36061015700;0,4996
36061015801;0,4937
36061015802;0,5121
36061015900;0,5117
36061016001;0,5137
36061016002;0,6089
36061016100;0,5994
36061016200;0,4619
36061016300;0,5799
36061016400;0,6131
36061016500;0,5673
36061016600;0,5365
36061016700;0,5515
36061016800;0,7412
36061016900;0,5707
36061017000;0,4848
36061017100;0,6084
36061017200;0,4638
36061017300;0,5155
36061017401;0,6715
36061017402;0,5091
36061017500;0,495
36061017700;0,6409
36061017800;0,4839
36061017900;0,6024
36061018000;0,6115
36061018100;0,6293
36061018200;0,5481
36061018300;0,5437
36061018400;0,5266
36061018500;0,4873
36061018600;0,5676
36061018700;0,5273
36061018800;0,5301
36061018900;0,6579
36061019000;0,5933
36061019100;0,5113
36061019200;0,5651
36061019300;0,6195
36061019400;0,5088
36061019500;0,554
36061019600;0,625
36061019701;0,6071
36061019702;0,5314
36061019800;0,4877
36061019900;0,5861
36061020000;0,5292
36061020101;0,6072
36061020102;0,5801
36061020300;0,6432
36061020500;0,5324
36061020600;0,4834
36061020701;0,4921
36061020800;0,5124
36061020901;0,4932
36061021000;0,528
36061021100;0,5849
36061021200;0,4947
36061021303;0,4603
36061021400;0,4075
36061021500;0,4827
36061021600;0,6015
36061021800;0,5811
36061021900;0,5411
36061022000;0,5206
36061022102;0,5714
36061022200;0,5419
36061022301;0,4985
36061022302;0,5134
36061022400;0,5626
36061022500;0,484
36061022600;0,6321
36061022700;0,464
36061022800;0,6188
36061022900;0,4946
36061023000;0,545
36061023100;0,5101
36061023200;0,4652
36061023300;0,5267
36061023400;0,458
36061023501;0,4564
36061023502;0,4575
36061023600;0,5886
36061023700;0,4746
36061023801;0,4967
36061023802;0,3897
36061023900;0,5189
36061024100;0,4904
36061024200;0,5458
36061024301;0,4454
36061024302;0,4684
36061024500;0,4522
36061024700;0,562
36061024900;0,4665
36061025100;0,5419
36061025300;0,439
36061025500;0,511
36061025700;0,4732
36061025900;0,5026
36061026100;0,4953
36061026300;0,4808
36061026500;0,4356
36061026700;0,4516
36061026900;0,4559
36061027100;0,4498
36061027300;0,4148
36061027500;0,4762
36061027700;0,4571
36061027900;0,4045
36061028100;0,4025
36061028300;0,4069
36061028500;0,4328
36061028700;0,4726
36061029100;0,4628
36061029300;0,4306
36061029500;0,3815
36061029900;0,5036
36061030300;0,4321
36061030700;0,4363
36061030900;0,496
36061031703;0,4404
36061031704;0,4743
36081000100;0,387
36081000200;0,4182
36081000400;0,3931
36081000600;0,3504
36081000700;0,4513
36081000800;0,4259
36081001000;0,3887
36081001200;0,3967
36081001400;0,3617
36081001600;0,3888
36081001800;0,4911
36081001900;0,4353
36081002000;0,4664
36081002200;0,4073
36081002400;0,3982
36081002500;0,5237
36081002600;0,4042
36081002800;0,4057
36081003000;0,5178
36081003100;0,397
36081003200;0,387
36081003300;0,4684
36081003400;0,4456
36081003600;0,3612
36081003800;0,4245
36081003900;0,4929
36081004001;0,3775
36081004002;0,3807
36081004200;0,4122
36081004300;0,4653
36081004401;0,4666
36081004500;0,4288
36081004700;0,498
36081005000;0,2788
36081005100;0,4261
36081005200;0,4049
36081005300;0,3578
36081005400;0,4174
36081005500;0,4033
36081005700;0,4352
36081005800;0,4389
36081005900;0,414
36081006100;0,4626
36081006201;0,4359
36081006202;0,5106
36081006300;0,4199
36081006501;0,4643
36081006502;0,431
36081006900;0,429
36081007100;0,4521
36081007300;0,4584
36081007500;0,4512
36081007700;0,4303
36081007900;0,5332
36081008100;0,4737
36081008300;0,4564
36081008500;0,4587
36081008600;0,417
36081008700;0,4756
36081008800;0,3434
36081009100;0,4877
36081009400;0,4719
36081009500;0,4042
36081009600;0,3955
36081009700;0,4042
36081009800;0,4219
36081010000;0,4574
36081010100;0,4989
36081010200;0,4175
36081010300;0,4011
36081010400;0,4362
36081010500;0,4778
36081010600;0,4242
36081010800;0,3612
36081011000;0,3802
36081011100;0,4209
36081011200;0,4196
36081011300;0,3828
36081011400;0,4249
36081011500;0,4172
36081011600;0,4342
36081011700;0,4149
36081011800;0,3908
36081011900;0,4342
36081012000;0,5829
36081012100;0,479
36081012200;0,4778
36081012301;0,4439
36081012400;0,3529
36081012500;0,3857
36081012601;0,384
36081012602;0,3925
36081012800;0,4476
36081013000;0,4031
36081013200;0,3947
36081013400;0,4164
36081013500;0,4365
36081013600;0,4567
36081013700;0,4479
36081013800;0,4435
36081014000;0,4492
36081014100;0,3879
36081014201;0,3849
36081014202;0,4197
36081014300;0,4128
36081014400;0,4483
36081014500;0,4099
36081014700;0,4096
36081014800;0,4083
36081014900;0,3903
36081015000;0,3932
36081015100;0,4347
36081015200;0,4186
36081015300;0,5099
36081015400;0,4673
36081015500;0,4158
36081015600;0,4474
36081015700;0,3905
36081015801;0,3895
36081015802;0,4219
36081015900;0,3896
36081016100;0,3978
36081016300;0,56
36081016400;0,3694
36081016600;0,3868
36081016800;0,4666
36081016900;0,4355
36081017000;0,4041
36081017200;0,3767
36081017400;0,4357
36081017600;0,4386
36081017800;0,4769
36081017900;0,3701
36081018000;0,3764
36081018101;0,4062
36081018102;0,4146
36081018200;0,3705
36081018300;0,4673
36081018401;0,5125
36081018402;0,3779
36081018501;0,4444
36081018502;0,3652
36081018600;0,3902
36081018700;0,4033
36081018800;0,3926
36081018900;0,3553
36081019000;0,3421
36081019200;0,3435
36081019400;0,4881
36081019600;0,4104
36081019800;0,4543
36081019900;0,4302
36081020200;0,4518
36081020400;0,4693
36081020500;0,4009
36081020600;0,3541
36081020800;0,371
36081021200;0,4458
36081021400;0,4501
36081021600;0,4026
36081022001;0,3805
36081022002;0,4434
36081023000;0,3784
36081023200;0,3831
36081023500;0,3636
36081023600;0,4262
36081023800;0,3951
36081024000;0,4508
36081024300;0,3759
36081024500;0,3825
36081024700;0,4066
36081024900;0,3867
36081025100;0,381
36081025301;0,3982
36081025302;0,3867
36081025400;0,495
36081025500;0,4451
36081025700;0,5082
36081025800;0,3947
36081025900;0,4752
36081026000;0,4383
36081026100;0,4471
36081026200;0,3693
36081026300;0,3966
36081026400;0,3902
36081026500;0,3613
36081026600;0,4806
36081026700;0,4234
36081026901;0,4046
36081026902;0,421
36081027000;0,4714
36081027100;0,4704
36081027200;0,3454
36081027300;0,3532
36081027400;0,4054
36081027500;0,478
36081027600;0,4467
36081027700;0,4389
36081027800;0,4649
36081027900;0,4456
36081028000;0,3359
36081028100;0,4583
36081028200;0,3611
36081028300;0,3638
36081028400;0,4058
36081028500;0,4937
36081028700;0,4195
36081028800;0,3946
36081028900;0,3763
36081029100;0,464
36081029300;0,4103
36081029400;0,3739
36081029500;0,389
36081029700;0,4572
36081030600;0,435
36081030902;0,421
36081030903;0,4121
36081030904;0,4502
36081031700;0,5265
36081032000;0,3029
36081032700;0,4155
36081032800;0,4576
36081032900;0,421
36081033000;0,3578
36081033401;0,3609
36081033402;0,3772
36081033700;0,4532
36081033900;0,4087
36081034700;0,4746
36081035100;0,4035
36081035200;0,3776
36081035300;0,4437
36081035700;0,4348
36081035800;0,4168
36081036100;0,416
36081036300;0,3652
36081036500;0,3963
36081036600;0,4242
36081036700;0,4017
36081036800;0,3521
36081037100;0,415
36081037300;0,459
36081037500;0,3934
36081037600;0,4046
36081037700;0,3825
36081037900;0,3885
36081038100;0,4029
36081038400;0,3783
36081039400;0,4569
36081039800;0,3816
36081039900;0,3674
36081040000;0,3578
36081040100;0,427
36081040200;0,3727
36081040300;0,4044
36081040400;0,4696
36081040500;0,4002
36081040700;0,3878
36081040900;0,3783
36081041100;0,3604
36081041300;0,3877
36081041400;0,4365
36081041500;0,4132
36081042400;0,4333
36081042700;0,4353
36081043200;0,3529
36081043400;0,3557
36081043701;0,4454
36081043702;0,5184
36081043900;0,46
36081044000;0,4039
36081044301;0,4903
36081044302;0,4347
36081044400;0,4536
36081044601;0,4367
36081044602;0,403
36081044800;0,4272
36081045000;0,4905
36081045200;0,4313
36081045400;0,4804
36081045500;0,3739
36081045600;0,4216
36081045700;0,4662
36081045800;0,4618
36081045900;0,3779
36081046000;0,4276
36081046100;0,3891
36081046200;0,3869
36081046300;0,4755
36081046400;0,4536
36081046500;0,4739
36081046600;0,4748
36081046700;0,419
36081046800;0,4321
36081046900;0,4612
36081047000;0,4406
36081047100;0,4251
36081047200;0,4863
36081047300;0,4426
36081047500;0,4869
36081047600;0,4306
36081047800;0,3918
36081047900;0,4614
36081048000;0,4912
36081048100;0,5132
36081048200;0,4057
36081048300;0,4421
36081048400;0,409
36081048500;0,4285
36081048900;0,4268
36081049200;0,3677
36081049301;0,4856
36081049302;0,4165
36081049500;0,4247
36081049600;0,3368
36081049700;0,4774
36081049900;0,3985
36081050000;0,4439
36081050201;0,3292
36081050202;0,368
36081050400;0,4176
36081050500;0,423
36081050600;0,448
36081050700;0,4131
36081050800;0,3917
36081051000;0,3894
36081051100;0,4337
36081051200;0,4378
36081051300;0,3726
36081051500;0,4078
36081051600;0,4381
36081051700;0,4828
36081051800;0,3566
36081052000;0,3404
36081052100;0,4997
36081052200;0,3882
36081052400;0,4739
36081052500;0,5603
36081052600;0,4434
36081052800;0,5273
36081053000;0,3126
36081053100;0,406
36081053200;0,3748
36081053401;0,3892
36081053500;0,3513
36081053601;0,3633
36081053800;0,3597
36081053900;0,4301
36081054000;0,4566
36081054200;0,3898
36081054500;0,4052
36081054700;0,4233
36081054800;0,4576
36081054900;0,4235
36081055100;0,4282
36081055200;0,4315
36081055300;0,5066
36081055400;0,398
36081055500;0,4006
36081055600;0,3964
36081055700;0,4113
36081055800;0,3316
36081055900;0,4125
36081056000;0,3785
36081056100;0,2831
36081056200;0,3207
36081056400;0,4704
36081056500;0,4109
36081056600;0,4192
36081056700;0,334
36081056800;0,3885
36081057700;0,3856
36081057900;0,3604
36081058000;0,4153
36081058100;0,4844
36081058200;0,326
36081058300;0,4074
36081058500;0,3541
36081058700;0,3692
36081058900;0,4552
36081059000;0,4545
36081059100;0,4313
36081059200;0,3823
36081059300;0,3945
36081059400;0,3336
36081059500;0,4767
36081059600;0,4306
36081059800;0,3542
36081059900;0,4868
36081060000;0,423
36081060100;0,4192
36081060300;0,5039
36081060600;0,3539
36081060701;0,1127
36081060800;0,4576
36081061000;0,4094
36081061200;0,2964
36081061301;0,4093
36081061302;0,2302
36081061400;0,3574
36081061601;0,3531
36081061602;0,3952
36081061800;0,3484
36081061900;0,3685
36081062000;0,2948
36081062100;0,4296
36081062200;0,3669
36081062300;0,3783
36081062500;0,3834
36081062600;0,3865
36081062700;0,3809
36081062900;0,4455
36081063000;0,3635
36081063200;0,3944
36081063301;0,4771
36081063302;0,4733
36081063500;0,4033
36081063700;0,3673
36081063800;0,3068
36081063900;0,4251
36081064101;0,3982
36081064500;0,4378
36081064600;0,3814
36081065000;0,4139
36081065400;0,3775
36081065600;0,4256
36081065702;0,4279
36081065703;0,3731
36081065900;0,4498
36081066000;0,3309
36081066100;0,3868
36081066300;0,4368
36081066400;0,356
36081066501;0,373
36081066701;0,4511
36081066900;0,3673
36081067100;0,4269
36081067700;0,4197
36081067900;0,4571
36081068000;0,3155
36081068200;0,3415
36081068300;0,3911
36081068700;0,4276
36081069000;0,3557
36081069300;0,4626
36081069400;0,3976
36081069500;0,484
36081069701;0,4369
36081069702;0,4652
36081070300;0,4796
36081070700;0,4646
36081070900;0,4546
36081071100;0,446
36081071303;0,3562
36081071304;0,4719
36081071305;0,4255
36081071306;0,4559
36081071701;0,4485
36081071702;0,4702
36081071900;0,517
36081072100;0,4869
36081072300;0,5557
36081072900;0,3916
36081073100;0,3927
36081073700;0,5428
36081073900;0,4346
36081074100;0,4713
36081074300;0,4668
36081074500;0,465
36081074700;0,404
36081074900;0,5006
36081075701;0,4405
36081075702;0,5011
36081076901;0,4673
36081076902;0,5003
36081077300;0,5183
36081077500;0,4896
36081077902;0,4108
36081077903;0,4748
36081077904;0,37
36081077905;0,483
36081077906;0,4305
36081077907;0,525
36081077908;0,3702
36081078800;0,3817
36081079000;0,3973
36081079200;0,3599
36081079701;0,5305
36081079702;0,4566
36081079900;0,4549
36081080301;0,4469
36081080302;0,4313
36081080900;0,4152
36081081400;0,375
36081081800;0,3939
36081083700;0,439
36081083800;0,3915
36081084000;0,4453
36081084500;0,4743
36081084601;0,4035
36081084602;0,4604
36081084900;0,4703
36081085300;0,4893
36081085500;0,4872
36081085700;0,4939
36081085900;0,4643
36081086100;0,4664
36081086300;0,4693
36081086400;0,3823
36081086500;0,5218
36081086900;0,5127
36081087100;0,5156
36081088400;0,4174
36081088901;0,4325
36081089200;0,5127
36081090700;0,3939
36081091601;0,4474
36081091900;0,3986
36081092200;0,4568
36081092500;0,4436
36081092800;0,3655
36081092900;0,4638
36081093401;0,406
36081093402;0,4909
36081093800;0,4283
36081093900;0,3673
36081094201;0,4074
36081094202;0,5195
36081094203;0,4538
36081094500;0,5018
36081094700;0,4412
36081095400;0,4574
36081096400;0,4271
36081097202;0,4589
36081097203;0,4192
36081097204;0,4181
36081097300;0,4305
36081098100;0,401
36081098700;0,4858
36081099100;0,4263
36081099200;0,5348
36081099701;0,4149
36081099703;0,4238
36081099704;0,4321
36081099705;0,4259
36081099801;0,3791
36081099802;0,5399
36081100801;0,4077
36081100802;0,4066
36081101001;0,5396
36081101002;0,5406
36081101700;0,3935
36081102900;0,4161
36081103201;0,503
36081103202;0,4748
36081103300;0,4284
36081103900;0,3403
36081104700;0,4452
36081105900;0,5116
36081107201;0,3574
36081108500;0,4725
36081109300;0,4324
36081109700;0,3428
36081109900;0,4016
36081111300;0,4424
36081112300;0,438
36081112900;0,418
36081113300;0,3563
36081113900;0,4198
36081114100;0,4218
36081114700;0,442
36081115100;0,4448
36081115500;0,4835
36081115700;0,4791
36081115900;0,4112
36081116100;0,4979
36081116300;0,501
36081116700;0,4985
36081117100;0,5073
36081117500;0,4091
36081118100;0,4296
36081118500;0,4893
36081118700;0,4718
36081118900;0,4363
36081119100;0,4424
36081119300;0,4502
36081119500;0,375
36081119900;0,4506
36081120100;0,3996
36081120300;0,4398
36081120500;0,4903
36081120700;0,3902
36081121500;0,4504
36081122300;0,4434
36081122701;0,5191
36081122702;0,5078
36081124100;0,4516
36081124700;0,4442
36081125700;0,5118
36081126500;0,4368
36081126700;0,4251
36081127700;0,42
36081128300;0,4884
36081129102;0,5079
36081129103;0,4456
36081129104;0,4231
36081130100;0,4445
36081133300;0,4139
36081133900;0,3884
36081134100;0,3716
36081134700;0,4098
36081136700;0,4385
36081137700;0,416
36081138501;0,4206
36081139900;0,3966
36081140300;0,4459
36081140901;0,4091
36081140902;0,3654
36081141700;0,3861
36081142900;0,3664
36081143500;0,442
36081144100;0,4233
36081144700;0,3972
36081145101;0,3961
36081145102;0,3931
36081145900;0,4211
36081146300;0,4628
36081146700;0,4194
36081147100;0,4277
36081147900;0,4199
36081148300;0,4739
36081150701;0,4089
36081150702;0,4339
36081152901;0,4302
36081152902;0,3705
36081155101;0,5012
36081155102;0,3372
36081156700;0,516
36081157101;0,387
36081157102;0,4904
36081157901;0,4461
36081157902;0,3319
36081157903;0,4071
36081161700;0,3663
36081162100;0,4178
36085000300;0,4279
36085000600;0,545
36085000700;0,5254
36085000800;0,3792
36085000900;0,4621
36085001100;0,5165
36085001700;0,5827
36085001800;0,272
36085002001;0,3583
36085002002;0,4543
36085002100;0,4752
36085002700;0,4717
36085002900;0,5233
36085003300;0,4362
36085003600;0,4096
36085003900;0,483
36085004000;0,5406
36085004700;0,4467
36085005000;0,4461
36085005900;0,5099
36085006400;0,5112
36085006700;0,4632
36085007000;0,4307
36085007400;0,4046
36085007500;0,4973
36085007700;0,4901
36085008100;0,5341
36085009601;0,4861
36085009602;0,3806
36085009700;0,422
36085010500;0,4808
36085011201;0,3942
36085011202;0,4329
36085011401;0,5445
36085011402;0,4006
36085012100;0,3612
36085012200;0,397
36085012500;0,447
36085012804;0,3786
36085012805;0,4468
36085012806;0,4528
36085013201;0,4387
36085013203;0,4675
36085013204;0,4338
36085013301;0,5371
36085013302;0,5923
36085013400;0,4514
36085013800;0,4354
36085014100;0,3909
36085014604;0,3974
36085014605;0,337
36085014606;0,3574
36085014607;0,397
36085014608;0,3381
36085014700;0,3973
36085015100;0,45
36085015601;0,3873
36085015602;0,3465
36085015603;0,4093
36085016901;0,4613
36085017005;0,3567
36085017007;0,3741
36085017008;0,4269
36085017009;0,4513
36085017010;0,402
36085017011;0,4212
36085017012;0,4179
36085017300;0,5967
36085017600;0,4481
36085017700;0,5736
36085018100;0,5894
36085018701;0,412
36085018702;0,4179
36085018901;0,4753
36085018902;0,4215
36085019700;0,3994
36085019800;0,4439
36085020100;0,4469
36085020700;0,5478
36085020801;0,4449
36085020803;0,3923
36085020804;0,3996
36085021300;0,4228
36085022300;0,4435
36085022600;0,3728
36085023100;0,4308
36085023900;0,4566
36085024401;0,4453
36085024402;0,462
36085024700;0,4636
36085024800;0,4302
36085025100;0,3484
36085027301;0,4612
36085027302;0,3956
36085027702;0,3984
36085027704;0,4326
36085027705;0,4427
36085027706;0,3582
36085027900;0,5056
36085029102;0,4227
36085029103;0,3952
36085029104;0,3987
36085030301;0,3921
36085030302;0,3683
36085031901;0,7501
36085031902;0,5837
36085032300;0,5251